{"FeederHeadLine": "Line.sw1", "FeederHeadLoading": 1.1681826987535229, "FeederHeadLoadKW": -2728.2400703141097, "FeederHeadLoadKVar": -760.4937069520362, "ReversePowerFlow": false}